{"cameraMode":{"drawMode":0,"name":"Shaded","section":"Shading Mode"},"sceneLighting":true,"audioPlay":false,"sceneViewState":{"showFog":true,"showMaterialUpdate":false,"showSkybox":true,"showFlares":true,"showImageEffects":true,"showParticleSystems":true},"in2DMode":false,"pivot":{"x":0.9577985405921936,"y":4.292747497558594,"z":-7.892184257507324},"rotation":{"x":-0.28343284130096438,"y":-0.012945939786732197,"z":0.0038266140036284925,"w":-0.9588971138000488},"size":17.71598243713379,"orthographic":true}